Centro;Descripcion Centro;Capitulo;Descripcion Capitulo;Economico;Descripcion Economico;PREV.INICIAL;MODIFICACIONES;PREV.DEFINITIV;D. RECON.NETOS;RECAUDADO
001;AYUNTAMIENTO DE MADRID;1;IMPUESTOS DIRECTOS;10000;I.R.P.F.;257552521;0;257552521;189350231,6;189350231,6
001;AYUNTAMIENTO DE MADRID;1;IMPUESTOS DIRECTOS;11200;IBI DE NATURALEZA RÚSTICA;834169;0;834169;835817,74;100023,16
001;AYUNTAMIENTO DE MADRID;1;IMPUESTOS DIRECTOS;11300;IBI DE NATURALEZA URBANA;1480895274;0;1480895274;1439319433;459090356,1
001;AYUNTAMIENTO DE MADRID;1;IMPUESTOS DIRECTOS;11400;IBI CARACT. ESPECIALES;51441790;0;51441790;51506246,14;5478,41
001;AYUNTAMIENTO DE MADRID;1;IMPUESTOS DIRECTOS;11500;IMPUESTO SOBRE VEHÍCULOS DE TRACCIÓN MECÁNICA;138478422;0;138478422;145373449,2;111639962,2
001;AYUNTAMIENTO DE MADRID;1;IMPUESTOS DIRECTOS;11600;IMPUESTO IVTNU;435535109;0;435535109;303818526,9;290600101,2
001;AYUNTAMIENTO DE MADRID;1;IMPUESTOS DIRECTOS;13000;ACTIVIDADES EMPRESARIALES;148964525;0;148964525;151002136,6;41265637,37
001;AYUNTAMIENTO DE MADRID;1;IMPUESTOS DIRECTOS;13001;ACTIVIDADES PROFESIONALES Y ARTÍSTICAS;3069;0;3069;3117,19;544,06
001;AYUNTAMIENTO DE MADRID;2;IMPUESTOS INDIRECTOS;21000;IMPUESTO SOBRE EL VALOR AÑADIDO;106843825;0;106843825;93265052,17;93265052,17
001;AYUNTAMIENTO DE MADRID;2;IMPUESTOS INDIRECTOS;22000;IMPUESTO SOBRE EL ALCOHOL Y BEBIDAS DERIVADAS;288199;0;288199;450280,36;450280,36
001;AYUNTAMIENTO DE MADRID;2;IMPUESTOS INDIRECTOS;22001;IMPUESTO SOBRE LA CERVEZA;372276;0;372276;271260,27;271260,27
001;AYUNTAMIENTO DE MADRID;2;IMPUESTOS INDIRECTOS;22003;IMPUESTO SOBRE LABORES DE TABACO;6795798;0;6795798;4864470,85;4864470,85
001;AYUNTAMIENTO DE MADRID;2;IMPUESTOS INDIRECTOS;22004;IMPUESTO SOBRE HIDROCARBUROS;6057323;0;6057323;4692427,59;4692427,59
001;AYUNTAMIENTO DE MADRID;2;IMPUESTOS INDIRECTOS;22006;IMPUESTO SOBRE PRODUCTOS INTERMEDIOS;3947;0;3947;7198,16;7198,16
001;AYUNTAMIENTO DE MADRID;2;IMPUESTOS INDIRECTOS;29000;IMPUESTO S/CONSTRUCCIONES, INSTALAC. Y OBRAS;126000000;0;126000000;112928696,3;107000655,1
001;AYUNTAMIENTO DE MADRID;2;IMPUESTOS INDIRECTOS;29100;IMPUESTO COTOS DE CAZA Y PESCA;360;0;360;335,5;335,5
001;AYUNTAMIENTO DE MADRID;3;TASAS, PRECIOS PÚBLICOS Y OTROS INGRESOS;30200;RETIRADA CONTENEDORES DE LA VÍA PÚBLICA;115000;0;115000;80796,3;70437,8
001;AYUNTAMIENTO DE MADRID;3;TASAS, PRECIOS PÚBLICOS Y OTROS INGRESOS;30300;TASA POR GESTIÓN DE RESIDUOS;293080765;0;293080765;293222602,9;57518229,18
001;AYUNTAMIENTO DE MADRID;3;TASAS, PRECIOS PÚBLICOS Y OTROS INGRESOS;30301;VERTEDERO;2923857;0;2923857;2272936,39;1227705,4
001;AYUNTAMIENTO DE MADRID;3;TASAS, PRECIOS PÚBLICOS Y OTROS INGRESOS;30302;RECOGIDA DE DESECHOS E INCINERACIÓN;61545;0;61545;41629,84;32443,54
001;AYUNTAMIENTO DE MADRID;3;TASAS, PRECIOS PÚBLICOS Y OTROS INGRESOS;30500;SERVICIOS DE HIGIENE Y SALUD PÚBLICA;83691;0;83691;70604,21;56647,69
001;AYUNTAMIENTO DE MADRID;3;TASAS, PRECIOS PÚBLICOS Y OTROS INGRESOS;30600;MANTENIMIENTO DEL SERVICIO DE BOMBEROS;21353493;0;21353493;23917298,2;21816563,5
001;AYUNTAMIENTO DE MADRID;3;TASAS, PRECIOS PÚBLICOS Y OTROS INGRESOS;30900;BOLETIN AYUNTAMIENTO DE MADRID;1000;0;1000;1432,77;1432,77
001;AYUNTAMIENTO DE MADRID;3;TASAS, PRECIOS PÚBLICOS Y OTROS INGRESOS;30901;CENTRO MUNICIPAL DE ACÚSTICA;2000;0;2000;1000;1000
001;AYUNTAMIENTO DE MADRID;3;TASAS, PRECIOS PÚBLICOS Y OTROS INGRESOS;30902;TRANSPORTES ESPECIALES;25000;0;25000;51150,6;51150,6
001;AYUNTAMIENTO DE MADRID;3;TASAS, PRECIOS PÚBLICOS Y OTROS INGRESOS;30903;COPIAS, FOTOCOPIAS Y FOTOGRAFÍAS;51827;0;51827;29601,78;29601,78
001;AYUNTAMIENTO DE MADRID;3;TASAS, PRECIOS PÚBLICOS Y OTROS INGRESOS;30904;GALERIAS MUNICIPALES DE SERVICIOS;6198351;0;6198351;2598147,46;1442319,39
001;AYUNTAMIENTO DE MADRID;3;TASAS, PRECIOS PÚBLICOS Y OTROS INGRESOS;30905;DERECHOS DE EXAMEN;236000;0;236000;361783,7;361783,7
001;AYUNTAMIENTO DE MADRID;3;TASAS, PRECIOS PÚBLICOS Y OTROS INGRESOS;30998;TASAS EXTINGUIDAS SERV. PÚBLICOS BÁSICOS;0;0;0;2639812,29;1705279,93
001;AYUNTAMIENTO DE MADRID;3;TASAS, PRECIOS PÚBLICOS Y OTROS INGRESOS;31100;SERVICIOS SANITARIOS;1100000;0;1100000;1298762,82;968998,37
001;AYUNTAMIENTO DE MADRID;3;TASAS, PRECIOS PÚBLICOS Y OTROS INGRESOS;31600;PLANETARIO DE MADRID;360000;0;360000;318460,31;318460,31
001;AYUNTAMIENTO DE MADRID;3;TASAS, PRECIOS PÚBLICOS Y OTROS INGRESOS;31900;MATRIMONIOS CIVILES;150607;0;150607;173400;173400
001;AYUNTAMIENTO DE MADRID;3;TASAS, PRECIOS PÚBLICOS Y OTROS INGRESOS;32100;LICENCIAS URBANÍSTICAS;11374089;0;11374089;8009035,79;5943494,66
001;AYUNTAMIENTO DE MADRID;3;TASAS, PRECIOS PÚBLICOS Y OTROS INGRESOS;32102;DECLARACIONES RESPONSABLES;5467354;0;5467354;5315790,65;5221011,64
001;AYUNTAMIENTO DE MADRID;3;TASAS, PRECIOS PÚBLICOS Y OTROS INGRESOS;32199;OTRAS PRESTACIONES URBANÍSTICAS;2559792;0;2559792;1961207,82;1401980,79
001;AYUNTAMIENTO DE MADRID;3;TASAS, PRECIOS PÚBLICOS Y OTROS INGRESOS;32200;LICENCIAS DE PRIMERA OCUPACIÓN;1482211;0;1482211;1143970,66;1096689,94
001;AYUNTAMIENTO DE MADRID;3;TASAS, PRECIOS PÚBLICOS Y OTROS INGRESOS;32500;EXPEDICIÓN DOCUMENTOS ADMINISTRATIVOS;1415021;0;1415021;1223006,45;1222976,19
001;AYUNTAMIENTO DE MADRID;3;TASAS, PRECIOS PÚBLICOS Y OTROS INGRESOS;32600;RETIRADA DE VEHÍCULOS DE LA VÍA PÚBLICA;9018568;0;9018568;7092335,82;4373242,87
001;AYUNTAMIENTO DE MADRID;3;TASAS, PRECIOS PÚBLICOS Y OTROS INGRESOS;32900;AUTOTAXIS;1014300;0;1014300;970193,12;970193,12
001;AYUNTAMIENTO DE MADRID;3;TASAS, PRECIOS PÚBLICOS Y OTROS INGRESOS;32998;TASAS EXTING. REAL. ACTIV;245417;0;245417;223329,19;221185,56
001;AYUNTAMIENTO DE MADRID;3;TASAS, PRECIOS PÚBLICOS Y OTROS INGRESOS;32999;OTRAS TASAS POR REALIZACIÓN DE ACTIVIDADES;89907;0;89907;7492,38;7492,38
001;AYUNTAMIENTO DE MADRID;3;TASAS, PRECIOS PÚBLICOS Y OTROS INGRESOS;33000;ESTACIONAMIENTO DE VEHÍCULOS DE RESIDENTES;7390598;0;7390598;1751730,52;1751730,52
001;AYUNTAMIENTO DE MADRID;3;TASAS, PRECIOS PÚBLICOS Y OTROS INGRESOS;33001;VEHÍCULOS COM. E IND.;7700544;0;7700544;3428177,36;3428177,36
001;AYUNTAMIENTO DE MADRID;3;TASAS, PRECIOS PÚBLICOS Y OTROS INGRESOS;33003;TALLERES DE REPARACIÓN;25096;0;25096;21577,5;21577,5
001;AYUNTAMIENTO DE MADRID;3;TASAS, PRECIOS PÚBLICOS Y OTROS INGRESOS;33011;ESTACIONAMIENTO DE VEHÍCULOS LOTE 1;15212596;0;15212596;10585148,3;10585148,3
001;AYUNTAMIENTO DE MADRID;3;TASAS, PRECIOS PÚBLICOS Y OTROS INGRESOS;33012;ESTACIONAMIENTO DE VEHÍCULOS LOTE 2;22317694;0;22317694;16627133,11;16627133,11
001;AYUNTAMIENTO DE MADRID;3;TASAS, PRECIOS PÚBLICOS Y OTROS INGRESOS;33013;ESTACIONAMIENTO DE VEHÍCULOS LOTE 3;13678212;0;13678212;9942197,27;9942197,27
001;AYUNTAMIENTO DE MADRID;3;TASAS, PRECIOS PÚBLICOS Y OTROS INGRESOS;33017;ESTACIONAMIENTO DE VEHÍCULOS LOTE 4;18979015;0;18979015;13527113,19;13527113,19
001;AYUNTAMIENTO DE MADRID;3;TASAS, PRECIOS PÚBLICOS Y OTROS INGRESOS;33100;ENTRADA DE VEHÍCULOS;27851344;0;27851344;28351352;24564238,32
001;AYUNTAMIENTO DE MADRID;3;TASAS, PRECIOS PÚBLICOS Y OTROS INGRESOS;33200;EMPRESAS EXPLOTADORAS SERV. DE SUMINISTROS;50000000;0;50000000;48032704,1;33681624,2
001;AYUNTAMIENTO DE MADRID;3;TASAS, PRECIOS PÚBLICOS Y OTROS INGRESOS;33300;EMPRESAS TELECOMUNICAC. MÓVILE;262399;0;262399;-223828,42;-223828,42
001;AYUNTAMIENTO DE MADRID;3;TASAS, PRECIOS PÚBLICOS Y OTROS INGRESOS;33400;TASA POR APERTURA DE CALAS Y ZANJAS;307850;0;307850;401712,78;401220,17
001;AYUNTAMIENTO DE MADRID;3;TASAS, PRECIOS PÚBLICOS Y OTROS INGRESOS;33500;TERRAZAS;13660251;0;13660251;12038969,46;1361951,05
001;AYUNTAMIENTO DE MADRID;3;TASAS, PRECIOS PÚBLICOS Y OTROS INGRESOS;33600;TASA CAJEROS AUTOMÁTICOS;440048;0;440048;337518,03;328261,58
001;AYUNTAMIENTO DE MADRID;3;TASAS, PRECIOS PÚBLICOS Y OTROS INGRESOS;33800;COMPENSACIÓN TELEFÓNICA, S.A. (LEY 15/87);14414588;0;14414588;9374753,21;9374753,21
001;AYUNTAMIENTO DE MADRID;3;TASAS, PRECIOS PÚBLICOS Y OTROS INGRESOS;33900;VALLAS Y ANDAMIOS;10717973;0;10717973;8820596,67;7376657,5
001;AYUNTAMIENTO DE MADRID;3;TASAS, PRECIOS PÚBLICOS Y OTROS INGRESOS;33901;PUESTOS;1610163;0;1610163;1512857,88;982453,96
001;AYUNTAMIENTO DE MADRID;3;TASAS, PRECIOS PÚBLICOS Y OTROS INGRESOS;33902;FIESTAS CALLEJERAS;53119;0;53119;11831,63;10448,24
001;AYUNTAMIENTO DE MADRID;3;TASAS, PRECIOS PÚBLICOS Y OTROS INGRESOS;33903;USOS PARTICULARES DEL SUBSUELO;337907;0;337907;320387,26;17416,38
001;AYUNTAMIENTO DE MADRID;3;TASAS, PRECIOS PÚBLICOS Y OTROS INGRESOS;33904;SURTIDORES DE GASOLINA;502711;0;502711;463182,64;-18129,64
001;AYUNTAMIENTO DE MADRID;3;TASAS, PRECIOS PÚBLICOS Y OTROS INGRESOS;33905;CONTENEDORES;1500000;0;1500000;2563597,6;2563597,6
001;AYUNTAMIENTO DE MADRID;3;TASAS, PRECIOS PÚBLICOS Y OTROS INGRESOS;33906;PUBLICIDAD EN VALLAS, ANDAMIOS Y SIMILARES;52195;0;52195;158530,17;89765,78
001;AYUNTAMIENTO DE MADRID;3;TASAS, PRECIOS PÚBLICOS Y OTROS INGRESOS;33907;ACCIONES PUBLICITARIAS EN LA VÍA PÚBLICA;1426701;0;1426701;648044,88;550889,93
001;AYUNTAMIENTO DE MADRID;3;TASAS, PRECIOS PÚBLICOS Y OTROS INGRESOS;33999;OTROS APROVECHAMIENTOS;9372406;0;9372406;5696480,07;4532558,71
001;AYUNTAMIENTO DE MADRID;3;TASAS, PRECIOS PÚBLICOS Y OTROS INGRESOS;34100;ASESORAMIENTO SANITARIO Y VACUNAS;41649;0;41649;73254,86;73254,86
001;AYUNTAMIENTO DE MADRID;3;TASAS, PRECIOS PÚBLICOS Y OTROS INGRESOS;34101;ANÁLISIS CLÍNICOS;9157;0;9157;2599,96;879,32
001;AYUNTAMIENTO DE MADRID;3;TASAS, PRECIOS PÚBLICOS Y OTROS INGRESOS;34200;ESCUELA DE CERÁMICA;68000;0;68000;70636,3;70636,3
001;AYUNTAMIENTO DE MADRID;3;TASAS, PRECIOS PÚBLICOS Y OTROS INGRESOS;34300;PISCINAS E INSTALACIONES DEPORTIVAS;35376522;0;35376522;26376932,49;26376932,49
001;AYUNTAMIENTO DE MADRID;3;TASAS, PRECIOS PÚBLICOS Y OTROS INGRESOS;34600;TALLERES CULTURALES;10036294;0;10036294;9789324,28;9789324,28
001;AYUNTAMIENTO DE MADRID;3;TASAS, PRECIOS PÚBLICOS Y OTROS INGRESOS;34601;ACTIVIDADES SOCIALES Y CULTURALES;98448;0;98448;30463,88;30463,88
001;AYUNTAMIENTO DE MADRID;3;TASAS, PRECIOS PÚBLICOS Y OTROS INGRESOS;34602;RESIDENCIAS MUNICIPALES;108667;0;108667;79001,52;79001,52
001;AYUNTAMIENTO DE MADRID;3;TASAS, PRECIOS PÚBLICOS Y OTROS INGRESOS;34603;SERVICIO DE COMEDOR;51576;0;51576;25710,3;25710,3
001;AYUNTAMIENTO DE MADRID;3;TASAS, PRECIOS PÚBLICOS Y OTROS INGRESOS;34606;CENTROS ESCOLARES ABIERTOS;1045175;0;1045175;1086118,47;1086118,47
001;AYUNTAMIENTO DE MADRID;3;TASAS, PRECIOS PÚBLICOS Y OTROS INGRESOS;34607;ESCUELAS INFANTILES MUNICIPALES;129000;0;129000;70605,58;70605,58
001;AYUNTAMIENTO DE MADRID;3;TASAS, PRECIOS PÚBLICOS Y OTROS INGRESOS;34699;OTROS SERVICIOS SOCIO CULTURALES;15000;0;15000;16500;15000
001;AYUNTAMIENTO DE MADRID;3;TASAS, PRECIOS PÚBLICOS Y OTROS INGRESOS;34700;OBRAS POR PASOS DE CARRUAJES;0;76443,4;76443,4;104276,23;98447,52
001;AYUNTAMIENTO DE MADRID;3;TASAS, PRECIOS PÚBLICOS Y OTROS INGRESOS;34701;OBRAS EN LA VÍA PUBLICA - DISTRITOS;51294;0;51294;30491,13;29453,15
001;AYUNTAMIENTO DE MADRID;3;TASAS, PRECIOS PÚBLICOS Y OTROS INGRESOS;34702;OTRAS OBRAS EN LA VÍA PÚBLICA;75000;0;75000;132562,04;132562,04
001;AYUNTAMIENTO DE MADRID;3;TASAS, PRECIOS PÚBLICOS Y OTROS INGRESOS;34901;CASAS DE BAÑO;45000;0;45000;60579;60579
001;AYUNTAMIENTO DE MADRID;3;TASAS, PRECIOS PÚBLICOS Y OTROS INGRESOS;34999;OTROS PRECIOS PÚBLICOS;508522;0;508522;571347,14;434031,58
001;AYUNTAMIENTO DE MADRID;3;TASAS, PRECIOS PÚBLICOS Y OTROS INGRESOS;36000;VENTA DE EFECTOS INÚTILES;0;0;0;47071,51;47071,51
001;AYUNTAMIENTO DE MADRID;3;TASAS, PRECIOS PÚBLICOS Y OTROS INGRESOS;36001;REVISTAS Y DEMÁS PUBLICACIONES;20000;0;20000;48739,07;34690,93
001;AYUNTAMIENTO DE MADRID;3;TASAS, PRECIOS PÚBLICOS Y OTROS INGRESOS;36004;VENTA DE ELECTRICIDAD;15000;0;15000;10131,09;8955,54
001;AYUNTAMIENTO DE MADRID;3;TASAS, PRECIOS PÚBLICOS Y OTROS INGRESOS;36006;VENTA DE RESIDUOS;34815;0;34815;45688,33;43726,65
001;AYUNTAMIENTO DE MADRID;3;TASAS, PRECIOS PÚBLICOS Y OTROS INGRESOS;38900;PAGOS DE  EJERCICIOS ANTERIORES;42803564;0;42803564;47737300,73;47459132,47
001;AYUNTAMIENTO DE MADRID;3;TASAS, PRECIOS PÚBLICOS Y OTROS INGRESOS;38903;REINTEGROS PAGO IBI ESTACIONES;322000;0;322000;0;0
001;AYUNTAMIENTO DE MADRID;3;TASAS, PRECIOS PÚBLICOS Y OTROS INGRESOS;38999;OTROS REINTEGROS;12665;0;12665;431504,43;224777,15
001;AYUNTAMIENTO DE MADRID;3;TASAS, PRECIOS PÚBLICOS Y OTROS INGRESOS;39100;INFRACCIONES URBANÍSTICAS;732182;0;732182;2990506,76;466164,9
001;AYUNTAMIENTO DE MADRID;3;TASAS, PRECIOS PÚBLICOS Y OTROS INGRESOS;39110;INFRACCIONES TRIBUTARIAS Y ANÁLOGAS;6215546;0;6215546;5651363,1;4722876,91
001;AYUNTAMIENTO DE MADRID;3;TASAS, PRECIOS PÚBLICOS Y OTROS INGRESOS;39120;INFRACCIONES ORDENANZA DE CIRCULACIÓN;208490000;0;208490000;227251501,2;93247008,46
001;AYUNTAMIENTO DE MADRID;3;TASAS, PRECIOS PÚBLICOS Y OTROS INGRESOS;39130;MULTAS COERCITIVAS;1254393;0;1254393;1856819,63;430380,23
001;AYUNTAMIENTO DE MADRID;3;TASAS, PRECIOS PÚBLICOS Y OTROS INGRESOS;39190;OTRAS MULTAS Y SANCIONES;11599245;0;11599245;25160402,85;7521332,64
001;AYUNTAMIENTO DE MADRID;3;TASAS, PRECIOS PÚBLICOS Y OTROS INGRESOS;39200;RECARGO POR EXTEMPORANEIDAD;1010292;0;1010292;931266,94;884242,12
001;AYUNTAMIENTO DE MADRID;3;TASAS, PRECIOS PÚBLICOS Y OTROS INGRESOS;39210;RECARGO EJECUTIVO;8412902;0;8412902;4946467,38;4946467,38
001;AYUNTAMIENTO DE MADRID;3;TASAS, PRECIOS PÚBLICOS Y OTROS INGRESOS;39211;RECARGO DE APREMIO;17435171;0;17435171;14586458,18;14586458,18
001;AYUNTAMIENTO DE MADRID;3;TASAS, PRECIOS PÚBLICOS Y OTROS INGRESOS;39300;INTERESES DE DEMORA;12019872;0;12019872;10769882,8;10579616,13
001;AYUNTAMIENTO DE MADRID;3;TASAS, PRECIOS PÚBLICOS Y OTROS INGRESOS;39610;POLÍGONOS DE COOPERACIÓN;0;0;0;6274,52;6274,52
001;AYUNTAMIENTO DE MADRID;3;TASAS, PRECIOS PÚBLICOS Y OTROS INGRESOS;39611;DE PART.PARA URBANIZACIÓN;9980600;3168035,11;13148635,11;1070678,87;1070678,87
001;AYUNTAMIENTO DE MADRID;3;TASAS, PRECIOS PÚBLICOS Y OTROS INGRESOS;39710;OTROS APROV. URBANÍSTICOS;5728905;0;5728905;10459266,97;10459266,97
001;AYUNTAMIENTO DE MADRID;3;TASAS, PRECIOS PÚBLICOS Y OTROS INGRESOS;39800;INDEMNIZACIONES DE SEGUROS DE NO VIDA;38543;43128,73;81671,73;22161,91;22161,91
001;AYUNTAMIENTO DE MADRID;3;TASAS, PRECIOS PÚBLICOS Y OTROS INGRESOS;39901;RECURSOS EVENTUALES;894707;0;894707;1785027,46;1425957,21
001;AYUNTAMIENTO DE MADRID;3;TASAS, PRECIOS PÚBLICOS Y OTROS INGRESOS;39902;INGRESOS POR ACCIÓN SUBSIDIARIA;0;23700,97;23700,97;324768,38;81015,84
001;AYUNTAMIENTO DE MADRID;3;TASAS, PRECIOS PÚBLICOS Y OTROS INGRESOS;39904;CONSUMOS EDIFICIOS MUNICIPALES;284398;0;284398;553146,84;387752,24
001;AYUNTAMIENTO DE MADRID;3;TASAS, PRECIOS PÚBLICOS Y OTROS INGRESOS;39905;INCAUTACIÓN GARANTÍAS DE CONTRATOS;0;0;0;9217,69;9217,69
001;AYUNTAMIENTO DE MADRID;3;TASAS, PRECIOS PÚBLICOS Y OTROS INGRESOS;39906;IMPORTE ANUNCIOS A CARGO DE PARTICULARES;0;0;0;59370,35;59370,35
001;AYUNTAMIENTO DE MADRID;3;TASAS, PRECIOS PÚBLICOS Y OTROS INGRESOS;39908;ACTIVIDADES AL AIRE LIBRE;4199;0;4199;9164,28;9164,28
001;AYUNTAMIENTO DE MADRID;3;TASAS, PRECIOS PÚBLICOS Y OTROS INGRESOS;39909;ESCUELAS INFANTILES;9000;0;9000;7914,82;7914,82
001;AYUNTAMIENTO DE MADRID;3;TASAS, PRECIOS PÚBLICOS Y OTROS INGRESOS;39910;COSTAS IMPUESTAS POR EL TEAM;0;0;0;1000,79;406,57
001;AYUNTAMIENTO DE MADRID;3;TASAS, PRECIOS PÚBLICOS Y OTROS INGRESOS;39914;CONTROL DE CALIDAD;0;0;0;477732,97;477732,97
001;AYUNTAMIENTO DE MADRID;3;TASAS, PRECIOS PÚBLICOS Y OTROS INGRESOS;39920;SISTEMA DE GESTIÓN DE ENVASES;40072800;0;40072800;36575388,53;33305804,14
001;AYUNTAMIENTO DE MADRID;3;TASAS, PRECIOS PÚBLICOS Y OTROS INGRESOS;39921;SISTEMA GESTIÓN RESIDUOS ELÉCT;600000;0;600000;457541,36;372974,04
001;AYUNTAMIENTO DE MADRID;3;TASAS, PRECIOS PÚBLICOS Y OTROS INGRESOS;39922;LIQUIDACIÓN CANON CONTROL DE VERTIDOS;15833092;0;15833092;0;0
001;AYUNTAMIENTO DE MADRID;3;TASAS, PRECIOS PÚBLICOS Y OTROS INGRESOS;39923;INDEMNIZACIONES POR SENTENCIAS;500;0;500;318237,72;318237,72
001;AYUNTAMIENTO DE MADRID;3;TASAS, PRECIOS PÚBLICOS Y OTROS INGRESOS;39925;ACTUAC.RECUPERACIÓN DE OFICIO;17000;0;17000;6766,41;3059,06
001;AYUNTAMIENTO DE MADRID;3;TASAS, PRECIOS PÚBLICOS Y OTROS INGRESOS;39980;EMBARGOS Y/O COMPENS. RECAUD.;223702;0;223702;472545,23;472545,23
001;AYUNTAMIENTO DE MADRID;3;TASAS, PRECIOS PÚBLICOS Y OTROS INGRESOS;39992;DAÑOS Y PERJUICIOS. OBLIGACIONES CONTRACTUALES;0;0;0;5311504,44;5245876,06
001;AYUNTAMIENTO DE MADRID;3;TASAS, PRECIOS PÚBLICOS Y OTROS INGRESOS;39999;OTROS INGRESOS DIVERSOS;255892;23086,52;278978,52;191262,77;112165,45
001;AYUNTAMIENTO DE MADRID;4;TRANSFERENCIAS CORRIENTES;41000;DE OO.A.. DEL AYTO.MADRID;0;30045241,14;30045241,14;5000;5000
001;AYUNTAMIENTO DE MADRID;4;TRANSFERENCIAS CORRIENTES;42010;FONDO COMPLEMENTARIO DE FINANCIACIÓN;2240201562;0;2240201562;1782417693;1782417693
001;AYUNTAMIENTO DE MADRID;4;TRANSFERENCIAS CORRIENTES;42020;COMPENSACIÓN POR BENEFICIOS FISCALES;680780;0;680780;743225,48;743225,48
001;AYUNTAMIENTO DE MADRID;4;TRANSFERENCIAS CORRIENTES;42030;PACTO DE ESTADO CONTRA LA VIOLENCIA DE GÉNERO;655080;0;655080;658892,23;658892,23
001;AYUNTAMIENTO DE MADRID;4;TRANSFERENCIAS CORRIENTES;42102;DEL INSTITUTO NACIONAL DE ESTADÍSTICA (INE);37000;0;37000;40237,78;40237,78
001;AYUNTAMIENTO DE MADRID;4;TRANSFERENCIAS CORRIENTES;42201;NEXT GEN.EU. RESTAURACION ECOS;0;0;0;203546,75;203546,75
001;AYUNTAMIENTO DE MADRID;4;TRANSFERENCIAS CORRIENTES;42300;DE LA S.E. LOTERÍAS Y APUESTAS DEL ESTADO;350000;0;350000;266666,66;266666,66
001;AYUNTAMIENTO DE MADRID;4;TRANSFERENCIAS CORRIENTES;42392;NEXT GEN. EU. ECOSIST DIGITAL;0;0;0;1600000;1600000
001;AYUNTAMIENTO DE MADRID;4;TRANSFERENCIAS CORRIENTES;45002;C. MADRID - ATENCIÓN DEPENDENC;106000000;0;106000000;61312500;61312500
001;AYUNTAMIENTO DE MADRID;4;TRANSFERENCIAS CORRIENTES;45021;COMUNIDAD DE MADRID. PLAN CORRESPONSABLES;7492457;0;7492457;0;0
001;AYUNTAMIENTO DE MADRID;4;TRANSFERENCIAS CORRIENTES;45032;C.M.-EDUCACIÓN.ABSENTISM.;400000;0;400000;300000;300000
001;AYUNTAMIENTO DE MADRID;4;TRANSFERENCIAS CORRIENTES;45050;C.M. -C. O. VILLAVERDE;1314633;0;1314633;1053980,8;1053980,8
001;AYUNTAMIENTO DE MADRID;4;TRANSFERENCIAS CORRIENTES;45060;OTROS CONVENIOS DE LA COMUNIDAD DE MADRID;7039973;0;7039973;7103145,01;7103145,01
001;AYUNTAMIENTO DE MADRID;4;TRANSFERENCIAS CORRIENTES;45062;C.M.-ERRADIC. VIOL.GÉNERO;662635;0;662635;521922,88;521922,88
001;AYUNTAMIENTO DE MADRID;4;TRANSFERENCIAS CORRIENTES;45080;OTRAS SUBVENCIONES DE LA COMUNIDAD DE MADRID;250000;0;250000;359568,93;359568,93
001;AYUNTAMIENTO DE MADRID;4;TRANSFERENCIAS CORRIENTES;45091;NEXT GEN.EU. UNIDADES ACTIVAS;0;0;0;7126,9;7126,9
001;AYUNTAMIENTO DE MADRID;4;TRANSFERENCIAS CORRIENTES;46299;OTRAS TRANSFERENCIAS DE AYUNTAMIENTOS;9000;0;9000;0;0
001;AYUNTAMIENTO DE MADRID;4;TRANSFERENCIAS CORRIENTES;47000;PARA ACT. DEP.,CULT. Y E.;8000;114543;122543;122543;122543
001;AYUNTAMIENTO DE MADRID;4;TRANSFERENCIAS CORRIENTES;47001;FORO POR MADRID;350000;206050;556050;595000;595000
001;AYUNTAMIENTO DE MADRID;4;TRANSFERENCIAS CORRIENTES;48003;DE LA FUNDACIÓN ESPECIAL CAJAMADRID;0;0;0;0;0
001;AYUNTAMIENTO DE MADRID;4;TRANSFERENCIAS CORRIENTES;48019;PARA ACTUACIONES COVID-19;0;0;0;3474,89;3474,89
001;AYUNTAMIENTO DE MADRID;4;TRANSFERENCIAS CORRIENTES;49702;PROYECTO EUGENIA;0;0;0;0;0
001;AYUNTAMIENTO DE MADRID;4;TRANSFERENCIAS CORRIENTES;49703;PROYECTO VIRTUOUS;0;9000;9000;0;0
001;AYUNTAMIENTO DE MADRID;4;TRANSFERENCIAS CORRIENTES;49704;PROYECTO SHIELDED;0;20977,2;20977,2;29038,3;29038,3
001;AYUNTAMIENTO DE MADRID;4;TRANSFERENCIAS CORRIENTES;49705;PROYECTO EMC3;0;38000;38000;42359,38;42359,38
001;AYUNTAMIENTO DE MADRID;4;TRANSFERENCIAS CORRIENTES;49706;PROYECTO MOBILITIES FOR EU;0;0;0;320676,87;320676,87
001;AYUNTAMIENTO DE MADRID;4;TRANSFERENCIAS CORRIENTES;49709;PROYECTO AMALTHEA;0;0;0;0;0
001;AYUNTAMIENTO DE MADRID;4;TRANSFERENCIAS CORRIENTES;49727;PROYECTO SALUS;0;0;0;0;0
001;AYUNTAMIENTO DE MADRID;4;TRANSFERENCIAS CORRIENTES;49728;PROYECTO BTL-COP;0;0;0;0;0
001;AYUNTAMIENTO DE MADRID;4;TRANSFERENCIAS CORRIENTES;49799;OTRAS TRANSFERENCIAS DE LA UNIÓN EUROPEA;0;12032,82;12032,82;148076,13;148076,13
001;AYUNTAMIENTO DE MADRID;4;TRANSFERENCIAS CORRIENTES;49899;DE OTROS PROGRAMAS DE LA UNIÓN EUROPEA;0;62736,77;62736,77;84098,37;84098,37
001;AYUNTAMIENTO DE MADRID;4;TRANSFERENCIAS CORRIENTES;49999;OT.TRANSF.EXT. NO U.E.;0;0;0;1000;1000
001;AYUNTAMIENTO DE MADRID;5;INGRESOS PATRIMONIALES;50700;INT. TITULOS VAL.EMP.PRIV;0;0;0;288,82;288,82
001;AYUNTAMIENTO DE MADRID;5;INGRESOS PATRIMONIALES;51430;DE PRÉSTAMOS A OTROS ORGANISMOS PÚBLICOS;111074;0;111074;111073,76;111073,76
001;AYUNTAMIENTO DE MADRID;5;INGRESOS PATRIMONIALES;52000;INTERESES CUENTAS EN BANCOS Y CAJAS DE AHORRO;9042850;0;9042850;16294450,52;16294450,52
001;AYUNTAMIENTO DE MADRID;5;INGRESOS PATRIMONIALES;52061;INTERESES CUENTA BANCARIA REST;0;0;0;5492,28;5492,28
001;AYUNTAMIENTO DE MADRID;5;INGRESOS PATRIMONIALES;52077;INTERESES CUENTA BANCARIA REST;0;0;0;209664,92;209664,92
001;AYUNTAMIENTO DE MADRID;5;INGRESOS PATRIMONIALES;52081;INTERESES CUENTA BANCARIA REST;0;0;0;219599,1;219599,1
001;AYUNTAMIENTO DE MADRID;5;INGRESOS PATRIMONIALES;53400;DE SDADES.Y ENT. DEL AYTO;11876823;0;11876823;0;0
001;AYUNTAMIENTO DE MADRID;5;INGRESOS PATRIMONIALES;53410;SOC. Y ENTID. NO DEPENDIENTES;17000000;0;17000000;2201549,99;2837,07
001;AYUNTAMIENTO DE MADRID;5;INGRESOS PATRIMONIALES;54100;ARRENDAMIENTO DE INMUEBLES URBANOS;99279;0;99279;77300,45;70543,84
001;AYUNTAMIENTO DE MADRID;5;INGRESOS PATRIMONIALES;55001;CANON APARCAMIENTOS;7041437;0;7041437;7456371,83;7186668,31
001;AYUNTAMIENTO DE MADRID;5;INGRESOS PATRIMONIALES;55003;CANON PARQUE DE ATRACCIONES;345000;0;345000;339733,61;339733,61
001;AYUNTAMIENTO DE MADRID;5;INGRESOS PATRIMONIALES;55004;CANON PARQUE ZOOLÓGICO;25000;0;25000;25000;25000
001;AYUNTAMIENTO DE MADRID;5;INGRESOS PATRIMONIALES;55005;CANON CASA CONTRABANDISTAS;874954;0;874954;799981,7;799981,7
001;AYUNTAMIENTO DE MADRID;5;INGRESOS PATRIMONIALES;55007;CANON QUIOSCOS PARQUES Y JARDINES;3047983;0;3047983;4287698,69;3947983,57
001;AYUNTAMIENTO DE MADRID;5;INGRESOS PATRIMONIALES;55008;CANON CASETAS CLAUDIO MOYANO;59707;0;59707;68415,8;54325,77
001;AYUNTAMIENTO DE MADRID;5;INGRESOS PATRIMONIALES;55009;CANON M-30;769996;0;769996;764023,41;764023,41
001;AYUNTAMIENTO DE MADRID;5;INGRESOS PATRIMONIALES;55010;CANON PALACIO DE HIELO;414015;0;414015;316307,95;316307,95
001;AYUNTAMIENTO DE MADRID;5;INGRESOS PATRIMONIALES;55013;CANON RESTAURANTE PLATAFORMA PUENTE DEL REY;102336;0;102336;107919,59;107919,59
001;AYUNTAMIENTO DE MADRID;5;INGRESOS PATRIMONIALES;55014;CANON UTILIZACIÓN DEL SUELO;766795;0;766795;1608628,03;1608628,03
001;AYUNTAMIENTO DE MADRID;5;INGRESOS PATRIMONIALES;55015;CANON LOCALES COMERCIALES EN APARCAMIENTOS;0;0;0;2941,35;2501,6
001;AYUNTAMIENTO DE MADRID;5;INGRESOS PATRIMONIALES;55016;CANON INSTALACIONES DEPORTIVAS DISTRITOS;3370695;0;3370695;2665637,39;2462074,98
001;AYUNTAMIENTO DE MADRID;5;INGRESOS PATRIMONIALES;55017;CANON OTRAS INSTALACIONES DISTRITOS;57385;0;57385;15189,46;15189,46
001;AYUNTAMIENTO DE MADRID;5;INGRESOS PATRIMONIALES;55018;CANON MERCADOS DISTRITO Y CENTROS COMERCIALES;1000000;0;1000000;1480049,65;1257391,87
001;AYUNTAMIENTO DE MADRID;5;INGRESOS PATRIMONIALES;55020;CANON COLUMNAS INFORMATIVAS;13626400;0;13626400;6943200;6943200
001;AYUNTAMIENTO DE MADRID;5;INGRESOS PATRIMONIALES;55022;CANON ESTACIÓN TRANSPORTES MERCANCÍAS;400000;0;400000;433375,94;433375,94
001;AYUNTAMIENTO DE MADRID;5;INGRESOS PATRIMONIALES;55027;CANON ESTACIÓN SUR DE AUTOBUSES;168735;0;168735;207410,32;207410,32
001;AYUNTAMIENTO DE MADRID;5;INGRESOS PATRIMONIALES;55029;CANON QUIOSCOS DE LOTERÍAS;47622;0;47622;73484,98;71391,95
001;AYUNTAMIENTO DE MADRID;5;INGRESOS PATRIMONIALES;55030;CANON QUIOSCOS DE PRENSA Y TABACOS;358703;0;358703;356215,45;275473,82
001;AYUNTAMIENTO DE MADRID;5;INGRESOS PATRIMONIALES;55031;CANON CAF. Y QUIOSCOS I.D;15200;0;15200;32070,83;15220,83
001;AYUNTAMIENTO DE MADRID;5;INGRESOS PATRIMONIALES;55032;CANON MÁQUINAS VENDING EN INST.MUNICIPALES;129109;0;129109;92531,51;85526,51
001;AYUNTAMIENTO DE MADRID;5;INGRESOS PATRIMONIALES;55036;APARCAMIENTO Mº JUSTICIA PZA.VILLA PARIS;501263;0;501263;501263;501263
001;AYUNTAMIENTO DE MADRID;5;INGRESOS PATRIMONIALES;55037;CANON HOTEL CASA DE LA CARNICERÍA;420000;0;420000;596500,2;596500,2
001;AYUNTAMIENTO DE MADRID;5;INGRESOS PATRIMONIALES;55040;CANON RECOGIDA Y GESTIÓN DEL A;15000;0;15000;12609,5;11348,55
001;AYUNTAMIENTO DE MADRID;5;INGRESOS PATRIMONIALES;55041;CANON ACCESO SUBTERRÁNEO AL COMPLEJO CANALEJAS;48113;0;48113;67614,4;67614,4
001;AYUNTAMIENTO DE MADRID;5;INGRESOS PATRIMONIALES;55042;CANON PALACIO MUNICIPAL DE CONGRESOS;343000;0;343000;100000;100000
001;AYUNTAMIENTO DE MADRID;5;INGRESOS PATRIMONIALES;55044;CANON QUIOSCO HOSTELERÍA PLAZA DE ESPAÑA;0;0;0;109052,63;109052,63
001;AYUNTAMIENTO DE MADRID;5;INGRESOS PATRIMONIALES;55045;CANON CONCESIÓN OBRA CENTROS D;0;0;0;373700,71;131288,71
001;AYUNTAMIENTO DE MADRID;5;INGRESOS PATRIMONIALES;55099;CANON PERIÓDICO POR OTRAS CONCESIONES;166537;0;166537;112566;49097,3
001;AYUNTAMIENTO DE MADRID;5;INGRESOS PATRIMONIALES;55100;CANON MERCADILLOS Y OTR.;46550;0;46550;211166,39;201166,39
001;AYUNTAMIENTO DE MADRID;5;INGRESOS PATRIMONIALES;55199;CANON NO PERIÓDICO POR OTRAS CONCESIONES;1500;0;1500;0;0
001;AYUNTAMIENTO DE MADRID;5;INGRESOS PATRIMONIALES;55200;DCHO. SUPERF. PERIÓDICO;6737579;0;6737579;6311868,22;6009337,94
001;AYUNTAMIENTO DE MADRID;5;INGRESOS PATRIMONIALES;55300;DCHO.SUPERF.NO PERIÓDICO;0;0;0;12667391,45;12667391,45
001;AYUNTAMIENTO DE MADRID;5;INGRESOS PATRIMONIALES;55400;PRODUCTO DE EXPLOTACIONES FORESTALES;1974;0;1974;0;0
001;AYUNTAMIENTO DE MADRID;5;INGRESOS PATRIMONIALES;55500;APROVECHAMIENTOS ESPECIALES;986380;0;986380;956172,41;796553,88
001;AYUNTAMIENTO DE MADRID;5;INGRESOS PATRIMONIALES;59100;BENEFICIOS POR VENTA DCHOS. SU;0;0;0;8,81;8,81
001;AYUNTAMIENTO DE MADRID;5;INGRESOS PATRIMONIALES;59999;OTROS INGRESOS PATRIMONIALES;50000;0;50000;35766,5;24206,5
001;AYUNTAMIENTO DE MADRID;6;ENAJENACIÓN DE INVERSIONES REALES;60300;VENTA DE PARCELAS;92451071;0;92451071;39258821,13;39258821,12
001;AYUNTAMIENTO DE MADRID;6;ENAJENACIÓN DE INVERSIONES REALES;60900;SUELO CEDIDO EN DERECHO DE SUPERFICIE;24147190;0;24147190;8324835,33;8324835,33
001;AYUNTAMIENTO DE MADRID;6;ENAJENACIÓN DE INVERSIONES REALES;61999;DE OTRAS INVERSIONES REALES;0;0;0;594644;594644
001;AYUNTAMIENTO DE MADRID;6;ENAJENACIÓN DE INVERSIONES REALES;68000;REINTEGROS DE PAGOS DE EJERCICIOS CERRADOS;1100;0;1100;5411638,47;5310175,81
001;AYUNTAMIENTO DE MADRID;7;TRANSFERENCIAS DE CAPITAL;71000;DE OO.AA. AYTO. MADRID;0;2587830,62;2587830,62;2587830,62;2587830,62
001;AYUNTAMIENTO DE MADRID;7;TRANSFERENCIAS DE CAPITAL;72097;NEXT GEN.EU. TRANSF. DIG. Y MO;0;0;0;3837676,45;3837676,45
001;AYUNTAMIENTO DE MADRID;7;TRANSFERENCIAS DE CAPITAL;72399;DE OT. SDADES.EEPPEE Y OT;0;3000000;3000000;3000000;3000000
001;AYUNTAMIENTO DE MADRID;7;TRANSFERENCIAS DE CAPITAL;75010;SUBV.ACTUACIONES RECONSTRUCCIÓ;0;0;0;4495,31;4495,31
001;AYUNTAMIENTO DE MADRID;7;TRANSFERENCIAS DE CAPITAL;75060;TRANSFERENCIAS EN CUMPLIMIENTO DE CONVENIOS;0;0;0;0;0
001;AYUNTAMIENTO DE MADRID;7;TRANSFERENCIAS DE CAPITAL;75085;NEXT GEN.EU.INSTALAC ENERGIAS;231841;0;231841;231842,1;231842,1
001;AYUNTAMIENTO DE MADRID;7;TRANSFERENCIAS DE CAPITAL;75089;NEXT GEN.EU.IMPLEMENTACIÓN NOR;0;0;0;2126212,52;2126212,52
001;AYUNTAMIENTO DE MADRID;7;TRANSFERENCIAS DE CAPITAL;75091;NEXT GEN.EU. UNIDADES ACTIVAS;0;0;0;33771,08;33771,08
001;AYUNTAMIENTO DE MADRID;7;TRANSFERENCIAS DE CAPITAL;75096;NEXT GEN.EU.CONSTRUCCION VIVIE;0;19580340,39;19580340,39;14553004,08;14553004,08
001;AYUNTAMIENTO DE MADRID;7;TRANSFERENCIAS DE CAPITAL;75099;OTRAS TRANSFERENCIAS DE LA COMUNIDAD DE MADRID;0;2050360;2050360;0;0
001;AYUNTAMIENTO DE MADRID;7;TRANSFERENCIAS DE CAPITAL;75200;NEXT GEN. EU. MOVES III;0;0;0;9500;9500
001;AYUNTAMIENTO DE MADRID;7;TRANSFERENCIAS DE CAPITAL;77099;OTRAS TRANSFERENCIAS DE EMPRESAS PRIVADAS;100;301161,88;301261,88;301261,88;301261,88
001;AYUNTAMIENTO DE MADRID;7;TRANSFERENCIAS DE CAPITAL;79102;FEDER. PROGRAMA OPERATIVO 2014-2020;0;0;0;4053360,78;4053360,78
001;AYUNTAMIENTO DE MADRID;7;TRANSFERENCIAS DE CAPITAL;79702;PROYECTO EUGENIA;0;0;0;0;0
001;AYUNTAMIENTO DE MADRID;7;TRANSFERENCIAS DE CAPITAL;79799;OTRAS TRANSFERENCIAS DE LA UNIÓN EUROPEA;0;0;0;85109,08;85109,08
001;AYUNTAMIENTO DE MADRID;8;ACTIVOS FINANCIEROS;82130;DE OTROS ORGANISMOS PÚBLICOS;471347;0;471347;471347,1;471347,1
001;AYUNTAMIENTO DE MADRID;8;ACTIVOS FINANCIEROS;86000;ENAJENACIÓN DE ACCIONES DE FUERA DEL S.PÚBLICO;0;1056315,22;1056315,22;1176835,96;130855,56
001;AYUNTAMIENTO DE MADRID;8;ACTIVOS FINANCIEROS;87000;PARA GASTOS GENERALES;0;39975118,36;39975118,36;0;0
001;AYUNTAMIENTO DE MADRID;8;ACTIVOS FINANCIEROS;87010;PARA GASTOS CON FINANCIACIÓN AFECTADA;0;41365984,74;41365984,74;0;0
001;AYUNTAMIENTO DE MADRID;9;PASIVOS FINANCIEROS;90100;EMISIÓN DEUDA PÚBLICA EN EUROS A LARGO PLAZO;200000000;0;200000000;220000000;220000000
001;AYUNTAMIENTO DE MADRID;9;PASIVOS FINANCIEROS;91300;PRÉS.A L/P ENTES FUERA SP;20000000;0;20000000;0;0
501;INFORMÁTICA DEL AYUNTAMIENTO DE MADRID;3;TASAS, PRECIOS PÚBLICOS Y OTROS INGRESOS;36000;VENTA DE EFECTOS INÚTILES;2702;0;2702;340,08;340,08
501;INFORMÁTICA DEL AYUNTAMIENTO DE MADRID;3;TASAS, PRECIOS PÚBLICOS Y OTROS INGRESOS;39999;OTROS INGRESOS DIVERSOS;90;0;90;452408,89;452408,89
501;INFORMÁTICA DEL AYUNTAMIENTO DE MADRID;4;TRANSFERENCIAS CORRIENTES;40000;DE LA ADM. GRAL. DEL AYUNTAMIENTO DE MADRID;141174456;-1290992;139883464;139536464;99998573
501;INFORMÁTICA DEL AYUNTAMIENTO DE MADRID;5;INGRESOS PATRIMONIALES;52000;INTERESES CUENTAS EN BANCOS Y CAJAS DE AHORRO;210655;0;210655;138024,43;138024,43
501;INFORMÁTICA DEL AYUNTAMIENTO DE MADRID;5;INGRESOS PATRIMONIALES;55032;CANON MÁQUINAS VENDING EN INST.MUNICIPALES;1940;0;1940;1975,12;1975,12
501;INFORMÁTICA DEL AYUNTAMIENTO DE MADRID;7;TRANSFERENCIAS DE CAPITAL;70000;DE ADMON. GRAL. AYTO.MADR;21925350;2464868,8;24390218,8;24390218,8;1173876,8
501;INFORMÁTICA DEL AYUNTAMIENTO DE MADRID;7;TRANSFERENCIAS DE CAPITAL;70006;De la Admón. Gral. Ayto. Madri;674755;0;674755;674755;0
501;INFORMÁTICA DEL AYUNTAMIENTO DE MADRID;8;ACTIVOS FINANCIEROS;87000;PARA GASTOS GENERALES;0;9667224,13;9667224,13;0;0
501;INFORMÁTICA DEL AYUNTAMIENTO DE MADRID;8;ACTIVOS FINANCIEROS;87010;PARA GASTOS CON FINANCIACIÓN AFECTADA;0;6087112,38;6087112,38;0;0
503;AGENCIA PARA EL EMPLEO DE MADRID;3;TASAS, PRECIOS PÚBLICOS Y OTROS INGRESOS;38900;PAGOS DE  EJERCICIOS ANTERIORES;0;0;0;268065,97;268065,97
503;AGENCIA PARA EL EMPLEO DE MADRID;3;TASAS, PRECIOS PÚBLICOS Y OTROS INGRESOS;39300;INTERESES DE DEMORA;0;0;0;26146,71;26146,71
503;AGENCIA PARA EL EMPLEO DE MADRID;3;TASAS, PRECIOS PÚBLICOS Y OTROS INGRESOS;39800;INDEMNIZACIONES DE SEGUROS DE NO VIDA;0;0;0;2279,78;2279,78
503;AGENCIA PARA EL EMPLEO DE MADRID;4;TRANSFERENCIAS CORRIENTES;40000;DE LA ADM. GRAL. DEL AYUNTAMIENTO DE MADRID;47743525;-6580685,13;41162839,87;41092839,87;18028921,67
503;AGENCIA PARA EL EMPLEO DE MADRID;4;TRANSFERENCIAS CORRIENTES;42095;NEXT GEN. EU. CENTROS CAPACITACION DIGITAL;0;0;0;-9710;-9710
503;AGENCIA PARA EL EMPLEO DE MADRID;4;TRANSFERENCIAS CORRIENTES;45053;C. DE MADRID. PROGRAMAS DE EMPLEO;5368049;0;5368049;-1666341,52;-1666341,52
503;AGENCIA PARA EL EMPLEO DE MADRID;4;TRANSFERENCIAS CORRIENTES;45087;NEXT GEN. EU. PRIMERA EXPER PR;0;0;0;-70325,23;-70325,23
503;AGENCIA PARA EL EMPLEO DE MADRID;4;TRANSFERENCIAS CORRIENTES;49099;OTRAS TRANSFERENCIAS DEL FONDO SOCIAL EUROPEO;0;0;0;4601,08;4601,08
503;AGENCIA PARA EL EMPLEO DE MADRID;4;TRANSFERENCIAS CORRIENTES;49720;NGEU. PRIMERA EXPERIENCIA PROF;0;0;0;-2344,26;-2344,26
503;AGENCIA PARA EL EMPLEO DE MADRID;4;TRANSFERENCIAS CORRIENTES;49899;DE OTROS PROGRAMAS DE LA UNIÓN EUROPEA;66399;0;66399;304220,24;304220,24
503;AGENCIA PARA EL EMPLEO DE MADRID;5;INGRESOS PATRIMONIALES;52000;INTERESES CUENTAS EN BANCOS Y CAJAS DE AHORRO;0;0;0;135120,44;135120,44
503;AGENCIA PARA EL EMPLEO DE MADRID;5;INGRESOS PATRIMONIALES;55032;CANON MÁQUINAS VENDING EN INST.MUNICIPALES;0;0;0;805;805
503;AGENCIA PARA EL EMPLEO DE MADRID;7;TRANSFERENCIAS DE CAPITAL;70000;DE ADMON. GRAL. AYTO.MADR;3998150;-130839,21;3867310,79;3867310,79;0
503;AGENCIA PARA EL EMPLEO DE MADRID;8;ACTIVOS FINANCIEROS;87000;PARA GASTOS GENERALES;0;8370068,17;8370068,17;0;0
503;AGENCIA PARA EL EMPLEO DE MADRID;8;ACTIVOS FINANCIEROS;87010;PARA GASTOS CON FINANCIACIÓN AFECTADA;0;10176221,36;10176221,36;0;0
506;AGENCIA TRIBUTARIA  MADRID;3;TASAS, PRECIOS PÚBLICOS Y OTROS INGRESOS;38900;PAGOS DE  EJERCICIOS ANTERIORES;0;0;0;6341,85;6341,85
506;AGENCIA TRIBUTARIA  MADRID;4;TRANSFERENCIAS CORRIENTES;40000;DE LA ADM. GRAL. DEL AYUNTAMIENTO DE MADRID;70567514;732703,64;71300217,64;64197219,49;53656602,14
506;AGENCIA TRIBUTARIA  MADRID;5;INGRESOS PATRIMONIALES;52000;INTERESES CUENTAS EN BANCOS Y CAJAS DE AHORRO;0;0;0;73573,49;73573,49
506;AGENCIA TRIBUTARIA  MADRID;5;INGRESOS PATRIMONIALES;55032;CANON MÁQUINAS VENDING EN INST.MUNICIPALES;2005;0;2005;2005;2005
506;AGENCIA TRIBUTARIA  MADRID;7;TRANSFERENCIAS DE CAPITAL;70000;DE ADMON. GRAL. AYTO.MADR;178092;0;178092;178092;0
506;AGENCIA TRIBUTARIA  MADRID;8;ACTIVOS FINANCIEROS;87000;PARA GASTOS GENERALES;0;6989986,77;6989986,77;0;0
508;MADRID SALUD;3;TASAS, PRECIOS PÚBLICOS Y OTROS INGRESOS;38900;PAGOS DE  EJERCICIOS ANTERIORES;0;0;0;-1484,58;-1484,58
508;MADRID SALUD;3;TASAS, PRECIOS PÚBLICOS Y OTROS INGRESOS;39999;OTROS INGRESOS DIVERSOS;0;0;0;250;250
508;MADRID SALUD;4;TRANSFERENCIAS CORRIENTES;40000;DE LA ADM. GRAL. DEL AYUNTAMIENTO DE MADRID;117746206;-376134;117370072;101931665;79757753,3
508;MADRID SALUD;4;TRANSFERENCIAS CORRIENTES;42090;OTRAS TRANSFERENCIAS DE LA A.GRAL. DEL ESTADO;0;0;0;285844,94;285844,94
508;MADRID SALUD;4;TRANSFERENCIAS CORRIENTES;48099;O.TRANSF. FAMILIAS E ISFL;0;103886,9;103886,9;103886,9;103886,9
508;MADRID SALUD;5;INGRESOS PATRIMONIALES;52000;INTERESES CUENTAS EN BANCOS Y CAJAS DE AHORRO;0;0;0;180561,7;180561,7
508;MADRID SALUD;7;TRANSFERENCIAS DE CAPITAL;70000;DE ADMON. GRAL. AYTO.MADR;1878202;459461,4;2337663,4;2337663,4;411134
508;MADRID SALUD;8;ACTIVOS FINANCIEROS;87000;PARA GASTOS GENERALES;0;9396846,53;9396846,53;0;0
508;MADRID SALUD;8;ACTIVOS FINANCIEROS;87010;PARA GASTOS CON FINANCIACIÓN AFECTADA;0;190000;190000;0;0
509;AGENCIA DE ACTIVIDADES;3;TASAS, PRECIOS PÚBLICOS Y OTROS INGRESOS;38900;PAGOS DE  EJERCICIOS ANTERIORES;0;0;0;1111,08;1111,08
509;AGENCIA DE ACTIVIDADES;4;TRANSFERENCIAS CORRIENTES;40000;DE LA ADM. GRAL. DEL AYUNTAMIENTO DE MADRID;23076282;66505;23142787;17373716,5;13461164,5
509;AGENCIA DE ACTIVIDADES;5;INGRESOS PATRIMONIALES;52000;INTERESES CUENTAS EN BANCOS Y CAJAS DE AHORRO;0;0;0;31899,43;31899,43
509;AGENCIA DE ACTIVIDADES;7;TRANSFERENCIAS DE CAPITAL;70000;DE ADMON. GRAL. AYTO.MADR;7835;0;7835;7835;0
509;AGENCIA DE ACTIVIDADES;8;ACTIVOS FINANCIEROS;87000;PARA GASTOS GENERALES;0;1174725,26;1174725,26;0;0
